Municipality,SWE
Aremark,"[17.899999618530273, 20.30000114440918, 23.100000381469727, 47.10000228881836]"
Askim,"[12.90000057220459, 23.80000114440918, 46.20000076293945, 60.60000228881836]"
Eidsberg,"[13.800000190734863, 16.399999618530273, 19.399999618530273, 32.10000228881836]"
Fredrikstad,"[2.0, 16.0, 29.30000114440918, 21.0]"
Halden,"[7.700000286102295, 17.0, 22.700000762939453, 39.29999923706055]"
Hobøl,"[15.100000381469727, 18.200000762939453, 66.0, 85.0]"
Hvaler,"[3.5, 17.80000114440918, 20.100000381469727, 28.80000114440918]"
Marker,"[19.80000114440918, 32.60000228881836, 18.100000381469727, 44.900001525878906]"
Moss,"[5.800000190734863, 19.0, 63.900001525878906, 82.30000305175781]"
Rakkestad,"[11.40000057220459, 16.899999618530273, 17.700000762939453, 33.400001525878906]"
Rygge,"[5.900000095367432, 16.80000114440918, 57.70000076293945, 59.0]"
Rømskog,"[24.100000381469727, 69.5999984741211, 52.29999923706055, 103.70000457763672]"
Råde,"[5.0, 16.100000381469727, 55.0, 53.0]"
Sarpsborg,"[5.0, 14.0, 28.899999618530273, 23.399999618530273]"
Skiptvet,"[11.0, 17.399999618530273, 28.30000114440918, 36.900001525878906]"
Spydeberg,"[15.199999809265137, 21.700000762939453, 53.900001525878906, 71.0999984741211]"
Trøgstad,"[37.0, 64.5, 50.0, 72.4000015258789]"
Våler,"[70.30000305175781, 53.400001525878906, 87.5999984741211, 152.1999969482422]"
Gjerdrum,"[37.70000076293945, 54.10000228881836, 81.20000457763672, 172.1999969482422]"
Hurdal,"[86.30000305175781, 222.40000915527344, 147.90000915527344, 324.8000183105469]"
Lørenskog,"[23.0, 44.400001525878906, 49.70000076293945, 89.0999984741211]"
Nannestad,"[60.29999923706055, 140.1999969482422, 95.4000015258789, 239.10000610351562]"
Nes,"[447.8000183105469, 327.5, 209.40000915527344, 699.0]"
Nesodden,"[13.100000381469727, 33.29999923706055, 36.70000076293945, 62.29999923706055]"
Oppegård,"[13.5, 23.30000114440918, 52.79999923706055, 53.60000228881836]"
Rælingen,"[75.80000305175781, 87.30000305175781, 93.30000305175781, 146.0]"
Skedsmo,"[17.200000762939453, 13.0, 51.79999923706055, 88.70000457763672]"
Ski,"[11.800000190734863, 24.700000762939453, 67.20000457763672, 89.4000015258789]"
Sørum,"[20.600000381469727, 25.200000762939453, 52.5, 82.9000015258789]"
Ullensaker,"[53.20000076293945, 82.20000457763672, 80.80000305175781, 154.90000915527344]"
Vestby,"[11.100000381469727, 19.80000114440918, 68.20000457763672, 85.5999984741211]"
Ås,"[12.300000190734863, 21.80000114440918, 65.4000015258789, 90.80000305175781]"
Alvdal,"[99.9000015258789, 43.79999923706055, 83.0999984741211, 131.0]"
Eidskog,"[13.5, 40.10000228881836, 75.9000015258789, 53.900001525878906]"
Elverum,"[66.20000457763672, 85.0999984741211, 126.5, 213.0]"
Engerdal,"[399.70001220703125, 236.60000610351562, 123.80000305175781, 372.8999938964844]"
Folldal,"[89.30000305175781, 84.5, 81.0999984741211, 167.0]"
Grue,"[159.0, 115.70000457763672, 113.20000457763672, 202.40000915527344]"
Hamar,"[11.600000381469727, 24.30000114440918, 21.30000114440918, 72.0999984741211]"
Kongsvinger,"[15.199999809265137, 41.60000228881836, 43.60000228881836, 51.79999923706055]"
Løten,"[21.0, 17.80000114440918, 98.0999984741211, 95.5999984741211]"
Nord-Odal,"[54.900001525878906, 94.20000457763672, 104.80000305175781, 122.4000015258789]"
Os,"[26.5, 26.600000381469727, 34.70000076293945, 30.80000114440918]"
Rendalen,"[124.4000015258789, 60.29999923706055, 136.8000030517578, 174.6999969482422]"
Ringsaker,"[222.6999969482422, 222.0, 153.5, 296.8999938964844]"
Stange,"[21.100000381469727, 33.5, 23.399999618530273, 80.80000305175781]"
Stor-Elvdal,"[166.10000610351562, 86.0, 79.80000305175781, 248.0]"
Sør-Odal,"[29.30000114440918, 52.70000076293945, 78.9000015258789, 107.9000015258789]"
Tolga,"[246.10000610351562, 125.9000015258789, 197.0, 231.8000030517578]"
Trysil,"[258.8999938964844, 227.5, 199.90000915527344, 278.3000183105469]"
Tynset,"[146.3000030517578, 95.0999984741211, 66.4000015258789, 163.10000610351562]"
Åmot,"[129.0, 188.40000915527344, 180.0, 265.1000061035156]"
Åsnes,"[48.70000076293945, 44.70000076293945, 37.0, 49.29999923706055]"
Dovre,"[352.6000061035156, 180.90000915527344, 272.0, 201.3000030517578]"
Etnedal,"[298.0, 240.8000030517578, 106.30000305175781, 364.3000183105469]"
Gausdal,"[238.60000610351562, 195.60000610351562, 95.20000457763672, 269.8000183105469]"
Gjøvik,"[37.10000228881836, 54.5, 57.5, 155.90000915527344]"
Gran,"[49.29999923706055, 93.80000305175781, 70.80000305175781, 217.40000915527344]"
Jevnaker,"[20.80000114440918, 47.900001525878906, 49.5, 136.0]"
Lesja,"[418.20001220703125, 240.1999969482422, 1279.0, 397.0]"
Lillehammer,"[122.30000305175781, 86.4000015258789, 68.9000015258789, 194.1999969482422]"
Lom,"[149.90000915527344, 160.3000030517578, 180.40000915527344, 424.20001220703125]"
Lunner,"[87.9000015258789, 110.0999984741211, 71.70000457763672, 263.3999938964844]"
Nord-Aurdal,"[407.3000183105469, 162.1999969482422, 88.9000015258789, 312.3999938964844]"
Nord-Fron,"[183.90000915527344, 50.79999923706055, 78.0999984741211, 132.90000915527344]"
Nordre Land,"[126.4000015258789, 143.60000610351562, 56.70000076293945, 229.0]"
Ringebu,"[146.1999969482422, 42.10000228881836, 77.4000015258789, 193.40000915527344]"
Sel,"[132.1999969482422, 84.80000305175781, 138.1999969482422, 211.3000030517578]"
Skjåk,"[79.30000305175781, 91.0, 147.1999969482422, 397.3000183105469]"
Søndre Land,"[95.9000015258789, 77.20000457763672, 36.79999923706055, 166.5]"
Sør-Aurdal,"[154.10000610351562, 230.90000915527344, 102.0999984741211, 302.20001220703125]"
Sør-Fron,"[183.90000915527344, 50.79999923706055, 78.0999984741211, 132.90000915527344]"
Vang,"[247.90000915527344, 334.70001220703125, 194.8000030517578, 541.7000122070312]"
Vestre Slidre,"[204.6999969482422, 177.1999969482422, 93.0, 298.20001220703125]"
Vestre Toten,"[164.3000030517578, 203.90000915527344, 48.5, 206.0]"
Vågå,"[379.5, 274.0, 239.40000915527344, 413.3000183105469]"
Østre Toten,"[76.20000457763672, 174.3000030517578, 49.60000228881836, 167.0]"
Øyer,"[125.0, 116.5999984741211, 90.0, 238.5]"
Øystre Slidre,"[282.5, 195.3000030517578, 97.20000457763672, 371.5]"
Drammen,"[18.0, 40.60000228881836, 63.79999923706055, 161.1999969482422]"
Flesberg,"[54.29999923706055, 74.20000457763672, 83.0, 256.20001220703125]"
Flå,"[165.5, 124.0, 73.70000457763672, 267.0]"
Gol,"[101.5, 76.4000015258789, 37.29999923706055, 230.8000030517578]"
Hemsedal,"[307.8999938964844, 396.0, 155.5, 506.5]"
Hol,"[234.8000030517578, 200.8000030517578, 144.60000610351562, 466.6000061035156]"
Hole,"[17.0, 37.20000076293945, 52.10000228881836, 136.60000610351562]"
Hurum,"[70.30000305175781, 93.5999984741211, 89.9000015258789, 235.8000030517578]"
Kongsberg,"[84.5999984741211, 58.0, 70.0, 222.0]"
Krødsherad,"[209.5, 236.10000610351562, 107.0, 342.3000183105469]"
Lier,"[158.0, 239.8000030517578, 97.30000305175781, 353.3999938964844]"
Modum,"[120.30000305175781, 63.5, 74.30000305175781, 252.10000610351562]"
Nedre Eiker,"[31.5, 75.20000457763672, 76.20000457763672, 263.1000061035156]"
Nore og Uvdal,"[282.8999938964844, 250.6999969482422, 169.10000610351562, 497.8000183105469]"
Ringerike,"[13.40000057220459, 31.5, 49.20000076293945, 118.5999984741211]"
Rollag,"[224.6999969482422, 238.60000610351562, 188.60000610351562, 531.1000366210938]"
Røyken,"[31.0, 63.20000076293945, 69.70000457763672, 173.90000915527344]"
Sigdal,"[218.6999969482422, 211.90000915527344, 113.5999984741211, 367.3999938964844]"
Øvre Eiker,"[17.200000762939453, 27.200000762939453, 53.400001525878906, 128.6999969482422]"
Ål,"[113.5, 184.8000030517578, 80.5, 337.1000061035156]"
Hof,"[38.0, 84.5, 78.4000015258789, 204.60000610351562]"
Holmestrand,"[26.0, 44.900001525878906, 58.900001525878906, 133.6999969482422]"
Horten,"[32.79999923706055, 24.700000762939453, 46.400001525878906, 86.9000015258789]"
Larvik,"[26.30000114440918, 81.9000015258789, 44.900001525878906, 59.10000228881836]"
Re,"[29.0, 66.0, 63.29999923706055, 198.40000915527344]"
Sande,"[18.600000381469727, 103.4000015258789, 96.30000305175781, 115.70000457763672]"
Sandefjord,"[9.90000057220459, 71.80000305175781, 32.10000228881836, 77.20000457763672]"
Svelvik,"[29.30000114440918, 46.400001525878906, 30.600000381469727, 84.5]"
Tønsberg,"[8.40000057220459, 41.60000228881836, 61.0, 107.5]"
Bø,"[282.5, 100.80000305175781, 316.20001220703125, 462.8999938964844]"
Drangedal,"[41.79999923706055, 69.0999984741211, 108.0999984741211, 303.5]"
Fyresdal,"[81.80000305175781, 123.5, 99.20000457763672, 254.6999969482422]"
Hjartdal,"[517.2000122070312, 377.6000061035156, 157.3000030517578, 501.70001220703125]"
Kragerø,"[36.10000228881836, 82.70000457763672, 118.70000457763672, 143.8000030517578]"
Kviteseid,"[33.79999923706055, 59.5, 64.70000457763672, 222.8000030517578]"
Nissedal,"[46.10000228881836, 95.4000015258789, 81.5999984741211, 177.10000610351562]"
Nome,"[34.10000228881836, 70.5999984741211, 99.70000457763672, 320.20001220703125]"
Notodden,"[18.399999618530273, 48.79999923706055, 63.5, 144.40000915527344]"
Porsgrunn,"[11.40000057220459, 48.29999923706055, 51.60000228881836, 67.0999984741211]"
Sauherad,"[15.0, 41.0, 54.900001525878906, 170.10000610351562]"
Seljord,"[35.60000228881836, 68.30000305175781, 61.60000228881836, 251.0]"
Siljan,"[62.79999923706055, 127.0, 85.5, 266.5]"
Skien,"[17.80000114440918, 43.10000228881836, 73.0, 119.80000305175781]"
Tinn,"[485.3999938964844, 550.9000244140625, 226.0, 882.7999877929688]"
Tokke,"[193.40000915527344, 129.90000915527344, 146.90000915527344, 319.0]"
Vinje,"[385.0, 310.8000183105469, 170.1999969482422, 413.0]"
Arendal,"[20.0, 91.20000457763672, 60.79999923706055, 77.0999984741211]"
Birkenes,"[112.20000457763672, 145.60000610351562, 192.8000030517578, 297.8999938964844]"
Bygland,"[30.5, 107.5, 101.30000305175781, 173.6999969482422]"
Bykle,"[378.0, 201.8000030517578, 404.8999938964844, 482.8000183105469]"
Evje og Hornnes,"[58.900001525878906, 131.10000610351562, 123.0999984741211, 200.60000610351562]"
Froland,"[19.700000762939453, 191.10000610351562, 235.0, 174.8000030517578]"
Gjerstad,"[48.10000228881836, 110.80000305175781, 145.40000915527344, 280.0]"
Grimstad,"[29.700000762939453, 90.80000305175781, 36.20000076293945, 51.79999923706055]"
Iveland,"[126.20000457763672, 188.0, 184.1999969482422, 328.5]"
Lillesand,"[18.5, 53.29999923706055, 21.200000762939453, 37.29999923706055]"
Risør,"[11.100000381469727, 103.9000015258789, 116.70000457763672, 122.80000305175781]"
Tvedestrand,"[25.399999618530273, 176.3000030517578, 216.0, 159.10000610351562]"
Valle,"[83.9000015258789, 106.30000305175781, 148.90000915527344, 437.20001220703125]"
Vegårshei,"[86.0999984741211, 206.40000915527344, 260.1000061035156, 335.8999938964844]"
Åmli,"[75.4000015258789, 139.0, 160.1999969482422, 170.0]"
Audnedal,"[63.5, 133.1999969482422, 137.5, 192.40000915527344]"
Flekkefjord,"[33.900001525878906, 43.900001525878906, 48.10000228881836, 33.900001525878906]"
Hægebostad,"[159.10000610351562, 234.1999969482422, 129.10000610351562, 390.3999938964844]"
Kristiansand,"[2.9000000953674316, 19.80000114440918, 18.5, 16.30000114440918]"
Kvinesdal,"[20.0, 31.30000114440918, 36.20000076293945, 43.60000228881836]"
Lindesnes,"[13.40000057220459, 53.20000076293945, 34.0, 49.900001525878906]"
Lyngdal,"[19.100000381469727, 28.899999618530273, 29.100000381469727, 34.400001525878906]"
Mandal,"[14.40000057220459, 20.5, 16.600000381469727, 15.699999809265137]"
Marnardal,"[51.29999923706055, 149.0, 172.0, 204.8000030517578]"
Sirdal,"[1379.4000244140625, 766.4000244140625, 773.7000122070312, 1031.2000732421875]"
Songdalen,"[100.5999984741211, 169.60000610351562, 209.8000030517578, 286.6000061035156]"
Søgne,"[7.300000190734863, 18.600000381469727, 20.200000762939453, 17.5]"
Vennesla,"[11.300000190734863, 71.0, 35.29999923706055, 58.10000228881836]"
Bjerkreim,"[60.900001525878906, 84.30000305175781, 46.0, 66.30000305175781]"
Bokn,"[0.0, 58.5, 38.10000228881836, 9.800000190734863]"
Eigersund,"[1.0, 11.300000190734863, 12.800000190734863, 7.800000190734863]"
Finnøy,"[8.300000190734863, 3.6000001430511475, 21.80000114440918, 9.40000057220459]"
Forsand,"[11.300000190734863, 56.5, 24.700000762939453, 18.200000762939453]"
Gjesdal,"[53.60000228881836, 85.0999984741211, 58.20000076293945, 97.5]"
Hjelmeland,"[5.800000190734863, 13.90000057220459, 7.599999904632568, 16.80000114440918]"
Hå,"[1.2000000476837158, 14.100000381469727, 12.600000381469727, 15.600000381469727]"
Karmøy,"[0.0, 9.699999809265137, 50.79999923706055, 11.5]"
Klepp,"[0.0, 15.90000057220459, 16.100000381469727, 10.5]"
Kvitsøy,"[0.0, 6.300000190734863, 11.0, 4.599999904632568]"
Lund,"[26.80000114440918, 50.400001525878906, 48.70000076293945, 50.79999923706055]"
Randaberg,"[14.100000381469727, 5.700000286102295, 18.0, 8.300000190734863]"
Sandnes,"[7.700000286102295, 10.40000057220459, 12.800000190734863, 12.100000381469727]"
Sauda,"[17.899999618530273, 71.0999984741211, 65.4000015258789, 51.29999923706055]"
Sokndal,"[3.9000000953674316, 29.0, 52.70000076293945, 24.700000762939453]"
Sola,"[4.099999904632568, 4.700000286102295, 14.5, 10.800000190734863]"
Stavanger,"[0.0, 5.0, 18.30000114440918, 10.800000190734863]"
Strand,"[9.300000190734863, 7.200000286102295, 11.90000057220459, 16.899999618530273]"
Time,"[11.0, 4.700000286102295, 16.0, 15.100000381469727]"
Tysvær,"[11.800000190734863, 32.5, 42.5, 16.700000762939453]"
Vindafjord,"[273.0, 168.60000610351562, 407.20001220703125, 259.70001220703125]"
Askøy,"[10.100000381469727, 26.600000381469727, 34.60000228881836, 22.30000114440918]"
Bømlo,"[0.0, 25.399999618530273, 43.70000076293945, 23.399999618530273]"
Etne,"[127.5999984741211, 79.9000015258789, 176.8000030517578, 168.40000915527344]"
Fusa,"[35.10000228881836, 26.30000114440918, 66.20000457763672, 54.20000076293945]"
Granvin,"[27.200000762939453, 19.700000762939453, 44.5, 157.40000915527344]"
Jondal,"[39.29999923706055, 68.9000015258789, 211.1999969482422, 127.0999984741211]"
Kvam,"[1486.2000732421875, 551.4000244140625, 1237.2000732421875, 1202.800048828125]"
Kvinnherad,"[947.7000122070312, 177.10000610351562, 912.0, 862.9000244140625]"
Lindås,"[8.0, 21.0, 30.600000381469727, 66.9000015258789]"
Masfjorden,"[25.399999618530273, 29.30000114440918, 30.30000114440918, 32.5]"
Meland,"[0.0, 24.30000114440918, 31.399999618530273, 26.899999618530273]"
Modalen,"[1675.0999755859375, 569.1000366210938, 917.2000122070312, 1666.7000732421875]"
Odda,"[353.3999938964844, 117.0, 370.3999938964844, 724.5]"
Osterøy,"[456.6000061035156, 143.8000030517578, 545.9000244140625, 348.20001220703125]"
Voss,"[58.5, 56.400001525878906, 246.5, 380.70001220703125]"
Askvoll,"[2.0, 53.400001525878906, 36.60000228881836, 56.20000076293945]"
Aurland,"[36.400001525878906, 17.30000114440918, 97.20000457763672, 91.30000305175781]"
Balestrand,[nan]
Jostedalsbreen – nær,"[2792.900146484375, 1495.4000244140625, 2281.900146484375, 1212.800048828125]"
Bremanger,[nan]
Eid,"[15.300000190734863, 70.0, 80.4000015258789, 85.5]"
Fjaler,"[23.700000762939453, 33.70000076293945, 51.900001525878906, 38.60000228881836]"
Flora,[nan]
Førde,"[46.0, 51.5, 52.70000076293945, 57.20000076293945]"
Gaular,"[993.7000122070312, 261.3999938964844, 1134.0, 630.9000244140625]"
Gloppen,[nan]
Gulen,"[40.0, 79.5, 141.6999969482422, 96.5999984741211]"
Hornindal,"[1321.2000732421875, 370.3000183105469, 887.7000122070312, 770.2999877929688]"
Hyllestad,"[36.10000228881836, 75.20000457763672, 91.0, 89.30000305175781]"
Høyanger,"[10.600000381469727, 53.400001525878906, 50.0, 43.900001525878906]"
Jølster,"[278.3999938964844, 88.5999984741211, 808.4000244140625, 265.70001220703125]"
Leikanger,"[4.599999904632568, 44.29999923706055, 54.70000076293945, 58.400001525878906]"
Luster,"[1436.2000732421875, 587.7999877929688, 1388.300048828125, 963.9000244140625]"
Lærdal,"[31.899999618530273, 31.700000762939453, 79.70000457763672, 220.10000610351562]"
Naustdal,"[9.90000057220459, 21.600000381469727, 34.60000228881836, 40.79999923706055]"
Selje,[nan]
Sogndal,"[31.30000114440918, 26.100000381469727, 60.10000228881836, 72.4000015258789]"
Fjærland og Sogndalsdalen,[nan]
Solund,"[20.899999618530273, 58.5, 37.900001525878906, 38.900001525878906]"
Stryn,"[36.79999923706055, 99.0, 88.80000305175781, 83.30000305175781]"
Vik,"[37.79999923706055, 114.0, 231.3000030517578, 166.60000610351562]"
Vågsøy,"[3.1000001430511475, 62.5, 49.70000076293945, 79.80000305175781]"
Aukra,"[19.80000114440918, 128.10000610351562, 104.0999984741211, 211.60000610351562]"
Aure,"[23.0, 48.70000076293945, 156.1999969482422, 130.3000030517578]"
Averøy,"[18.200000762939453, 26.100000381469727, 87.80000305175781, 71.20000457763672]"
Eide,"[69.9000015258789, 84.5999984741211, 158.8000030517578, 157.0]"
Fræna,"[53.60000228881836, 127.30000305175781, 155.0, 205.3000030517578]"
Giske,[nan]
Gjemnes,"[23.80000114440918, 50.20000076293945, 85.0999984741211, 74.5999984741211]"
Halsa,"[27.700000762939453, 62.900001525878906, 127.9000015258789, 107.20000457763672]"
Haram,[nan]
Hareid,"[9.100000381469727, 75.4000015258789, 68.80000305175781, 111.0999984741211]"
Herøy,"[23.100000381469727, 58.29999923706055, 107.5, 109.0]"
Kristiansund,"[18.100000381469727, 30.0, 75.0, 63.900001525878906]"
Midsund,"[11.300000190734863, 186.6999969482422, 186.5, 227.10000610351562]"
Molde,"[27.0, 171.60000610351562, 149.6999969482422, 217.60000610351562]"
Nesset,"[1361.9000244140625, 440.8999938964844, 1696.9000244140625, 950.6000366210938]"
Norddal,"[1024.0, 562.1000366210938, 1077.800048828125, 620.7999877929688]"
Rauma,"[103.30000305175781, 58.5, 155.60000610351562, 153.3000030517578]"
Rindal,"[87.0999984741211, 63.5, 248.1999969482422, 255.90000915527344]"
Sandøy,[nan]
Skodje,"[9.0, 72.4000015258789, 106.70000457763672, 132.1999969482422]"
Smøla,"[5.5, 61.70000076293945, 40.20000076293945, 97.80000305175781]"
Stordal,"[290.1000061035156, 208.6999969482422, 764.4000244140625, 650.1000366210938]"
Stranda,"[26.600000381469727, 50.29999923706055, 283.8999938964844, 100.80000305175781]"
Sula,[nan]
Sunndal,"[117.9000015258789, 53.70000076293945, 182.1999969482422, 400.3000183105469]"
Surnadal,"[75.5, 40.10000228881836, 147.8000030517578, 175.0]"
Sykkylven,"[25.5, 94.4000015258789, 74.5, 147.0]"
Tingvoll,"[39.10000228881836, 156.90000915527344, 292.8000183105469, 89.5]"
Ulstein,"[20.899999618530273, 108.0999984741211, 144.8000030517578, 116.0]"
Vanylven,[nan]
Vestnes,[nan]
Volda,"[16.5, 71.70000457763672, 105.0, 90.5999984741211]"
Ørskog,"[7.599999904632568, 66.0999984741211, 115.70000457763672, 127.0999984741211]"
Agdenes,[nan]
Bjugn,[nan]
Flatanger,[nan]
Fosnes,"[23.399999618530273, 100.0, 111.0999984741211, 99.4000015258789]"
Frosta,"[37.0, 113.4000015258789, 75.70000457763672, 80.0]"
Frøya,"[15.100000381469727, 56.70000076293945, 57.5, 164.10000610351562]"
Grong,"[81.4000015258789, 93.0, 435.8999938964844, 276.20001220703125]"
Hemne,"[25.700000762939453, 49.70000076293945, 115.5, 122.5]"
Hitra,"[22.0, 59.60000228881836, 76.5, 165.8000030517578]"
Holtålen,"[316.8999938964844, 80.30000305175781, 343.8000183105469, 298.1000061035156]"
Høylandet,"[45.900001525878906, 80.30000305175781, 125.20000457763672, 118.30000305175781]"
Inderøy,"[32.10000228881836, 91.0, 102.9000015258789, 105.80000305175781]"
Indre Fosen,"[199.1999969482422, 131.40000915527344, 528.1000366210938, 376.3000183105469]"
Klæbu,"[131.60000610351562, 98.4000015258789, 376.5, 332.3999938964844]"
Leka,"[36.79999923706055, 74.9000015258789, 124.80000305175781, 114.30000305175781]"
Levanger,"[25.399999618530273, 115.70000457763672, 54.10000228881836, 120.5]"
Lierne,"[858.9000244140625, 456.20001220703125, 657.2999877929688, 576.4000244140625]"
Malvik,"[14.100000381469727, 32.400001525878906, 39.900001525878906, 78.9000015258789]"
Meldal,"[115.0999984741211, 79.9000015258789, 565.2000122070312, 359.5]"
Meråker,"[78.5, 95.9000015258789, 119.5, 117.70000457763672]"
Midtre Gauldal,"[299.3999938964844, 118.0999984741211, 394.1000061035156, 313.8999938964844]"
Namsos,[nan]
Namsskogan,"[506.3999938964844, 229.5, 794.6000366210938, 414.0]"
Oppdal,"[147.6999969482422, 117.30000305175781, 539.1000366210938, 328.20001220703125]"
Selbu,"[34.70000076293945, 72.9000015258789, 171.10000610351562, 158.90000915527344]"
Trondheim,"[24.100000381469727, 58.70000076293945, 94.5999984741211, 94.0999984741211]"
Tydal,"[864.7999877929688, 375.5, 877.2999877929688, 476.5]"
Verdal,"[22.600000381469727, 106.9000015258789, 49.29999923706055, 97.80000305175781]"
Ørland,"[21.100000381469727, 71.20000457763672, 64.20000457763672, 113.30000305175781]"
Alstahaug,"[34.10000228881836, 63.70000076293945, 99.0999984741211, 109.30000305175781]"
Andøy,"[362.1000061035156, 262.70001220703125, 455.6000061035156, 232.6999969482422]"
Ballangen,"[81.5999984741211, 63.0, 189.60000610351562, 77.80000305175781]"
Beiarn,"[85.30000305175781, 88.5999984741211, 904.7999877929688, 90.70000457763672]"
Bindal,[nan]
Bodø,"[22.5, 66.30000305175781, 259.70001220703125, 58.29999923706055]"
Brønnøy,[nan]
Brønnøysund - kystlinjen,[nan]
Dønna,"[59.60000228881836, 83.20000457763672, 292.70001220703125, 87.5999984741211]"
Evenes,"[355.20001220703125, 111.0, 494.70001220703125, 232.90000915527344]"
Fauske,"[63.79999923706055, 46.79999923706055, 80.20000457763672, 62.70000076293945]"
Flakstad,"[274.8999938964844, 125.5999984741211, 509.6000061035156, 241.90000915527344]"
Gildeskål,"[39.29999923706055, 65.20000457763672, 259.3999938964844, 86.20000457763672]"
Grane,"[163.6999969482422, 108.0999984741211, 262.3999938964844, 274.70001220703125]"
Hadsel,[nan]
Hamarøy,"[80.0, 41.10000228881836, 126.0, 72.0999984741211]"
Hattfjelldal,"[418.8999938964844, 110.4000015258789, 306.70001220703125, 444.8999938964844]"
Hemnes,"[1207.4000244140625, 419.20001220703125, 1126.5999755859375, 693.6000366210938]"
Leirfjord,"[93.80000305175781, 142.5, 387.5, 201.1999969482422]"
Lurøy,[nan]
Lurøy - på fastlandet,[nan]
Lødingen,"[262.5, 100.0999984741211, 356.3000183105469, 219.10000610351562]"
Meløy,[nan]
Moskenes,"[1046.5, 327.20001220703125, 1300.300048828125, 1062.0]"
Narvik,"[161.40000915527344, 136.60000610351562, 234.40000915527344, 87.20000457763672]"
Nesna,"[42.0, 86.70000457763672, 238.60000610351562, 144.60000610351562]"
Rana,"[89.0999984741211, 80.4000015258789, 302.70001220703125, 123.9000015258789]"
Rødøy,[nan]
Røst,[nan]
Saltdal,"[937.0, 323.1000061035156, 765.4000244140625, 423.3999938964844]"
Sortland,"[188.6999969482422, 102.70000457763672, 394.1000061035156, 456.20001220703125]"
Steigen,"[62.900001525878906, 72.30000305175781, 205.40000915527344, 120.70000457763672]"
Sømna,"[31.5, 48.29999923706055, 100.9000015258789, 74.9000015258789]"
Sørfold,"[98.5999984741211, 51.60000228881836, 163.90000915527344, 113.30000305175781]"
Tjeldsund,"[1716.5999755859375, 842.4000244140625, 1971.5, 836.2000122070312]"
Træna,[nan]
Tysfjord,"[308.20001220703125, 65.80000305175781, 409.8999938964844, 292.6000061035156]"
Vefsn,"[104.70000457763672, 120.5, 211.60000610351562, 203.60000610351562]"
Vefsn - langs fjorden,"[104.70000457763672, 120.5, 211.60000610351562, 203.60000610351562]"
Vefsn - Mosjøen,"[41.0, 66.80000305175781, 163.5, 133.6999969482422]"
Vega,"[32.5, 56.0, 56.10000228881836, 87.30000305175781]"
Vestvågøy,"[362.70001220703125, 126.20000457763672, 531.7000122070312, 293.3999938964844]"
Vevelstad,[nan]
Værøy,"[101.80000305175781, 80.0, 215.3000030517578, 207.60000610351562]"
Vågan,"[2168.800048828125, 739.1000366210938, 1662.5999755859375, 1306.9000244140625]"
Øksnes,"[160.60000610351562, 176.0, 341.8999938964844, 461.20001220703125]"
Balsfjord,"[377.3999938964844, 119.30000305175781, 186.5, 262.0]"
Bardu,"[729.2000122070312, 140.6999969482422, 482.5, 231.3000030517578]"
Berg,[nan]
Dyrøy,"[392.70001220703125, 177.0, 524.4000244140625, 188.0]"
Gáivuona/Kåfjord,"[1201.800048828125, 356.6000061035156, 898.4000244140625, 671.6000366210938]"
Gratangen,"[1104.4000244140625, 749.1000366210938, 1799.300048828125, 884.0]"
Harstad,"[278.6000061035156, 141.0, 346.6000061035156, 170.6999969482422]"
Ibestad,"[733.7000122070312, 220.6999969482422, 380.5, 372.0]"
Karlsøy,[nan]
Kvæfjord,"[783.9000244140625, 213.1999969482422, 630.1000366210938, 469.20001220703125]"
Kvænangen,"[511.8000183105469, 210.8000030517578, 328.0, 253.8000030517578]"
Lavangen,"[824.6000366210938, 223.5, 654.7999877929688, 368.6000061035156]"
Lenvik,"[871.0, 393.8000183105469, 437.3000183105469, 628.7999877929688]"
Lyngen,"[270.5, 91.5999984741211, 353.0, 298.20001220703125]"
Målselv,"[648.6000366210938, 150.90000915527344, 320.5, 274.6000061035156]"
Nordreisa,"[115.4000015258789, 184.0, 509.70001220703125, 203.8000030517578]"
Salangen,"[949.6000366210938, 367.1000061035156, 905.7000122070312, 417.0]"
Skjervøy,[nan]
Skånland,[nan]
Storfjord,"[716.0, 410.70001220703125, 510.3000183105469, 600.7000122070312]"
Sørreisa,"[546.2000122070312, 191.8000030517578, 439.6000061035156, 245.5]"
Torsken,[nan]
Tranøy,"[329.0, 225.10000610351562, 439.8999938964844, 173.3000030517578]"
Tromsø,[nan]
Alta,"[458.3999938964844, 231.40000915527344, 241.60000610351562, 231.10000610351562]"
Berlevåg,"[385.1000061035156, 243.10000610351562, 467.6000061035156, 381.20001220703125]"
Båtsfjord,"[393.0, 319.1000061035156, 597.5, 284.8000183105469]"
Deanu/Tana,"[267.0, 156.3000030517578, 249.1999969482422, 171.6999969482422]"
Gamvik,"[397.6000061035156, 329.8999938964844, 392.70001220703125, 500.3999938964844]"
Guovdageaidnu/Kautokeino,"[237.8000030517578, 159.6999969482422, 225.6999969482422, 223.1999969482422]"
Hammerfest,"[453.0, 318.6000061035156, 260.8000183105469, 152.6999969482422]"
Hasvik,[nan]
Kárášjoga/Karasjok,"[354.70001220703125, 125.5999984741211, 268.3000183105469, 275.70001220703125]"
Kvalsund,"[668.7000122070312, 279.70001220703125, 179.6999969482422, 262.0]"
Lebesby,"[375.3000183105469, 239.10000610351562, 294.8999938964844, 258.20001220703125]"
Loppa,"[534.2999877929688, 306.0, 265.1000061035156, 263.70001220703125]"
Måsøy,"[373.70001220703125, 366.0, 324.8999938964844, 158.3000030517578]"
Nordkapp,"[1036.5, 639.2000122070312, 667.2000122070312, 426.3000183105469]"
Porsanger,"[595.2000122070312, 212.6999969482422, 291.6000061035156, 289.3000183105469]"
Sør-Varanger,"[175.10000610351562, 185.10000610351562, 396.6000061035156, 138.5]"
Unjárga/Nesseby,"[281.5, 137.10000610351562, 191.60000610351562, 175.3000030517578]"
Vadsø,[nan]
Vardø,[nan]
