Municipality,Elevation
Oslo,"[30.38, 25.37, 29.18, 22.58, 41.72, 39.14, 32.45, 32.11]"
Aremark,"[126.7, 106.29, 128.1, 136.72, 140.63, 105.96, 120.51, 137.78]"
Askim,"[133.71, 141.98, 142.19, 142.01, 131.41, 138.04, 140.21, 140.93]"
Eidsberg,"[117.18, 143.74, 157.1, 160.26, 142.19, 152.64, 151.8, 157.77]"
Fredrikstad,"[1.79, 2.07, 3.08, 18.63, 2.52, 12.04, 15.52, 7.07]"
Halden,"[34.94, 22.98, 17.47, 13.18, 89.85, 45.24, 34.92, 34.07]"
Hobøl,"[93.54, 86.37, 101.96, 101.99, 92.45, 81.71, 97.22, 92.59]"
Hvaler,"[36.43, 13.85, 1.83, 9.16, 13.08, 6.21, 1.95, 12.73]"
Marker,"[121.31, 118.0, 118.0, 123.24, 124.63, 120.1, 118.7, 121.89]"
Moss,"[-9.1, 4.95, 44.64, 50.02, 4.12, 13.06, 31.57, 42.08]"
Rakkestad,"[96.57, 109.39, 127.63, 120.96, 107.27, 116.77, 123.56, 129.33]"
Rygge,"[22.53, 20.41, 19.48, 20.31, 24.89, 28.47, 30.09, 31.92]"
Rømskog,"[184.87, 205.86, 229.82, 235.85, 200.89, 232.04, 242.63, 233.39]"
Råde,"[32.11, 9.77, 2.66, 1.39, 32.25, 23.7, 28.81, 27.88]"
Sarpsborg,"[51.83, 51.44, 47.23, 37.36, 53.44, 40.61, 37.31, 38.74]"
Skiptvet,"[126.16, 123.47, 123.6, 118.17, 125.43, 125.13, 124.53, 133.38]"
Spydeberg,"[98.82, 114.13, 114.77, 114.3, 103.1, 104.01, 114.28, 117.64]"
Trøgstad,"[145.61, 147.15, 154.17, 177.32, 144.1, 162.19, 177.71, 181.21]"
Våler,"[169.03, 169.82, 164.07, 152.8, 156.15, 165.31, 155.9, 168.0]"
Indre Østfold,"[154.01, 166.35, 137.97, 104.74, 156.25, 131.54, 138.6, 118.21]"
Bærum,"[22.39, 36.91, 36.11, 45.45, 48.3, 47.0, 50.27, 48.76]"
Gjerdrum,"[179.49, 170.92, 164.74, 161.82, 164.92, 162.53, 160.6, 161.0]"
Hurdal,"[207.1, 208.0, 224.58, 231.49, 209.78, 207.04, 218.33, 233.78]"
Lørenskog,"[178.97, 166.96, 166.19, 160.53, 176.1, 168.91, 177.13, 189.06]"
Nannestad,"[189.88, 199.44, 201.06, 200.92, 199.52, 201.95, 201.58, 205.22]"
Nes,"[800.3, 793.75, 787.31, 762.47, 835.13, 828.22, 809.05, 788.15]"
Nesodden,"[167.11, 144.54, 148.97, 134.77, 155.35, 166.94, 172.01, 167.59]"
Oppegård,"[40.0, 80.02, 147.25, 95.0, 90.79, 66.79, 104.73, 102.16]"
Rælingen,"[299.1, 307.77, 333.27, 270.68, 270.02, 276.32, 266.25, 257.9]"
Skedsmo,"[212.85, 201.69, 164.14, 141.59, 158.89, 128.05, 114.22, 100.81]"
Ski,"[144.15, 130.94, 145.66, 146.62, 134.37, 119.81, 127.18, 151.98]"
Sørum,"[119.67, 118.1, 126.13, 135.25, 130.12, 138.61, 139.61, 143.67]"
Ullensaker,"[199.12, 213.25, 211.89, 208.57, 206.05, 203.32, 207.43, 203.78]"
Vestby,"[28.73, 28.12, 24.12, 35.6, 27.07, 37.17, 42.92, 46.53]"
Ås,"[103.53, 108.88, 104.39, 88.18, 96.63, 98.42, 93.66, 95.15]"
Enebakk,"[179.91, 232.94, 244.16, 237.63, 222.5, 210.38, 205.6, 187.67]"
Aurskog-Høland,"[135.78, 125.5, 125.35, 126.04, 131.13, 136.38, 131.78, 138.86]"
Lillestrøm,"[100.86, 107.57, 109.11, 106.14, 106.38, 106.86, 107.32, 107.91]"
Nittedal,"[109.59, 106.98, 106.59, 110.5, 112.13, 105.95, 106.94, 106.14]"
Nordre Follo,"[144.15, 130.94, 145.66, 146.62, 134.37, 119.81, 127.18, 151.98]"
Eidsvoll,"[126.71, 151.48, 153.63, 151.36, 148.98, 140.94, 166.93, 159.5]"
Asker,"[108.94, 104.96, 103.9, 109.86, 125.9, 109.33, 115.57, 127.07]"
Frogn,"[-21.1, 9.51, 48.23, 92.54, 10.58, 19.98, 51.13, 64.69]"
Alvdal,"[478.07, 477.17, 481.99, 504.24, 477.76, 487.58, 507.59, 534.83]"
Eidskog,"[159.05, 157.3, 146.16, 132.5, 171.04, 161.19, 145.15, 138.02]"
Elverum,"[197.2, 233.38, 211.92, 229.95, 190.25, 192.24, 216.63, 210.5]"
Engerdal,"[1089.73, 1075.64, 1063.84, 1049.81, 1069.13, 1058.2, 1047.78, 1036.03]"
Folldal,"[699.83, 698.17, 697.7, 695.91, 715.94, 719.9, 723.52, 726.77]"
Grue,"[415.12, 444.55, 465.2, 460.18, 470.72, 486.4, 490.48, 518.96]"
Hamar,"[123.0, 123.0, 123.0, 122.86, 125.08, 129.21, 127.1, 129.35]"
Kongsvinger,"[167.59, 160.41, 157.78, 165.09, 144.29, 144.49, 144.65, 144.91]"
Løten,"[229.25, 230.82, 229.4, 235.81, 223.54, 222.75, 230.86, 233.64]"
Nord-Odal,"[210.17, 212.8, 203.49, 207.01, 244.03, 249.42, 213.28, 211.29]"
Bjørnafjorden,"[662.5, 647.22, 641.44, 626.7, 712.63, 715.76, 726.92, 697.11]"
Rendalen,"[362.66, 331.82, 281.65, 262.15, 346.11, 309.56, 263.67, 263.81]"
Ringsaker,"[455.41, 457.85, 472.88, 480.86, 483.71, 469.17, 477.72, 483.29]"
Stange,"[222.03, 215.35, 219.56, 213.09, 219.42, 214.87, 213.45, 211.29]"
Stor-Elvdal,"[553.22, 527.32, 506.56, 490.23, 578.6, 553.79, 521.54, 501.22]"
Sør-Odal,"[177.35, 188.07, 177.19, 167.87, 198.81, 203.67, 198.87, 188.47]"
Tolga,"[572.96, 581.16, 566.52, 547.42, 596.45, 610.64, 624.34, 633.16]"
Trysil,"[360.78, 380.32, 439.46, 496.11, 372.03, 410.26, 457.51, 510.6]"
Tynset,"[491.29, 501.68, 505.98, 509.99, 479.17, 486.13, 485.53, 488.29]"
Åmot,"[291.09, 296.01, 287.04, 289.57, 303.26, 296.93, 300.25, 291.25]"
Åsnes,"[154.93, 155.62, 155.96, 156.32, 155.93, 156.0, 156.79, 149.74]"
Dovre,"[1160.46, 1165.13, 1184.06, 1193.36, 1115.66, 1129.03, 1150.21, 1165.77]"
Etnedal,"[809.12, 786.48, 785.13, 781.1, 778.74, 778.0, 778.8, 771.11]"
Gausdal,"[285.14, 283.5, 284.96, 294.49, 290.55, 299.13, 320.64, 333.76]"
Gjøvik,"[129.6, 125.93, 123.0, 123.0, 126.33, 123.0, 123.0, 123.0]"
Gran,"[205.96, 219.16, 241.08, 247.78, 201.0, 216.02, 228.23, 244.54]"
Jevnaker,"[135.0, 135.0, 137.1, 138.45, 144.96, 135.0, 135.0, 135.0]"
Lesja,"[838.0, 838.0, 838.0, 848.85, 845.79, 858.59, 875.26, 902.5]"
Lillehammer,"[179.75, 191.09, 213.26, 239.62, 191.94, 207.79, 226.5, 250.74]"
Lom,"[376.16, 387.08, 408.74, 431.1, 362.81, 366.23, 365.42, 364.32]"
Lunner,"[271.9, 284.39, 302.83, 365.82, 316.32, 339.64, 368.15, 375.18]"
Nord-Aurdal,"[853.19, 838.63, 831.31, 825.89, 875.78, 878.31, 874.01, 858.22]"
Nord-Fron,"[253.41, 247.39, 243.49, 238.75, 257.68, 247.31, 239.16, 235.67]"
Nordre Land,"[525.28, 512.2, 489.83, 450.95, 284.05, 281.32, 274.78, 275.51]"
Ringebu,"[187.77, 189.29, 188.73, 188.18, 194.66, 191.66, 194.11, 196.2]"
Sel,"[1207.09, 1163.68, 1125.72, 1129.15, 1038.78, 1031.42, 1030.48, 1026.53]"
Skjåk,"[435.95, 422.76, 419.27, 412.83, 400.37, 402.72, 404.96, 404.81, 404.71]"
Søndre Land,"[135.0, 135.0, 135.0, 141.88, 135.0, 135.0, 135.0, 163.96]"
Sør-Aurdal,"[771.36, 630.64, 525.98, 491.3, 610.79, 533.37, 458.28, 423.15]"
Sør-Fron,"[330.18, 374.66, 423.49, 457.94, 359.05, 398.57, 451.84, 502.37]"
Vang,"[471.25, 471.44, 474.63, 481.01, 466.0, 466.0, 466.0, 466.0]"
Vestre Slidre,"[366.0, 376.3, 366.0, 379.34, 366.0, 366.0, 366.0, 375.43]"
Vestre Toten,"[336.95, 354.54, 364.11, 372.44, 320.5, 335.88, 344.95, 353.21]"
Vågå,"[1037.09, 1005.03, 953.68, 912.06, 1009.11, 981.34, 985.88, 980.76]"
Østre Toten,"[238.82, 240.32, 245.34, 254.24, 249.28, 237.16, 233.17, 228.97]"
Øyer,"[192.72, 174.6, 177.02, 177.29, 172.33, 177.48, 196.74, 221.46]"
Øystre Slidre,"[823.0, 838.11, 855.35, 867.36, 865.37, 876.64, 879.13, 875.74]"
Drammen,"[5.95, 14.84, 29.06, 43.34, 101.18, 106.8, 109.94, 111.73]"
Flesberg,"[195.08, 191.05, 197.54, 206.0, 199.9, 214.71, 224.55, 236.79]"
Flå,"[145.16, 135.03, 143.32, 145.5, 135.07, 138.72, 158.42, 187.9]"
Gol,"[227.01, 220.06, 215.45, 213.38, 258.62, 264.89, 268.66, 280.36]"
Hemsedal,"[616.22, 616.18, 619.65, 621.95, 647.94, 674.22, 691.94, 671.37]"
Hol,"[826.32, 841.19, 862.79, 879.85, 798.86, 806.48, 832.72, 853.75]"
Hole,"[63.0, 63.0, 63.0, 63.0, 66.37, 63.36, 63.72, 81.05]"
Hurum,"[167.93, 266.61, 293.64, 278.56, 155.79, 239.95, 275.59, 287.89]"
Kongsberg,"[167.95, 175.27, 177.23, 213.07, 194.26, 174.36, 189.39, 245.43]"
Krødsherad,"[224.47, 236.82, 256.64, 270.56, 458.97, 427.0, 443.48, 466.07]"
Lier,"[275.0, 317.93, 302.03, 252.67, 303.9, 279.82, 287.92, 233.77]"
Modum,"[63.0, 63.0, 63.0, 88.69, 63.0, 63.0, 64.4, 64.91]"
Nedre Eiker,"[78.62, 67.24, 61.39, 49.54, 213.93, 166.39, 160.35, 144.27]"
Nore og Uvdal,"[577.29, 594.73, 603.77, 619.5, 507.41, 508.9, 516.07, 521.29]"
Ringerike,"[87.08, 74.12, 75.58, 66.15, 93.6, 90.64, 94.0, 78.53]"
Rollag,"[451.74, 496.55, 553.93, 605.82, 479.72, 476.5, 528.35, 584.3]"
Røyken,"[125.74, 130.15, 143.42, 144.96, 148.14, 122.01, 127.79, 172.46]"
Sigdal,"[133.0, 133.0, 133.0, 133.0, 138.04, 135.08, 133.0, 146.37]"
Øvre Eiker,"[13.23, 2.07, 4.36, 8.13, 31.19, 6.26, 7.76, 12.84]"
Ål,"[480.58, 463.49, 449.21, 440.34, 622.23, 616.24, 604.78, 535.39]"
Nesbyen,"[333.73, 288.83, 238.74, 226.42, 350.94, 294.13, 234.31, 183.99]"
Færder,"[13.11, 14.82, 13.77, 3.3, 10.78, 19.04, 10.22, 9.45]"
Hof,"[37.09, 37.0, 37.0, 42.68, 38.2, 57.98, 130.99, 179.66]"
Holmestrand,"[47.9, 3.06, -1.5, 2.11, 4.47, -22.7, -22.6, -23.9]"
Horten,"[18.95, 4.11, -4.2, 2.1, 15.07, 10.42, 2.95, 2.51]"
Larvik,"[59.57, 45.51, 41.45, 44.72, 58.19, 62.92, 65.87, 63.19]"
Re,"[52.25, 62.51, 85.91, 81.44, 42.29, 61.2, 58.69, 67.35]"
Sande,"[20.96, -4.3, -22.1, -43.4, -53.9, -14.9, -22.6, -49.7, -54.3, -74.4]"
Sandefjord,"[26.26, 32.55, 61.68, 34.99, 34.26, 58.82, 33.23, 9.06]"
Svelvik,"[78.65, 5.79, -5.2, 0.27, 47.25, 10.54, -11.0, 0.8]"
Tønsberg,"[2.28, 1.5, -6.7, 5.18, -12.6, -4.2, 34.1, 18.45]"
Bamble,"[14.63, -2.8, 14.2, 26.55, 21.14, 3.54, 6.9, 12.52]"
Bø,"[288.61, 214.13, 187.35, 149.52, 101.31, 390.62, 476.62, 461.43, 341.66, 276.81]"
Drangedal,"[104.65, 106.65, 85.26, 90.43, 163.31, 115.25, 110.26, 90.91]"
Fyresdal,"[290.6, 291.55, 304.74, 325.2, 288.29, 292.92, 299.61, 321.43]"
Hjartdal,"[633.28, 605.76, 604.93, 562.92, 643.6, 646.2, 658.06, 573.1]"
Kragerø,"[48.68, 2.54, -5.9, -10.0, 60.79, 60.21, 2.76, -60.0]"
Kviteseid,"[191.38, 214.3, 290.7, 349.02, 296.55, 359.75, 423.56, 427.12]"
Nissedal,"[276.41, 254.17, 247.0, 247.0, 247.0, 247.0, 247.0, 247.0]"
Nome,"[301.0, 287.06, 283.93, 332.2, 194.51, 205.48, 236.7, 190.71]"
Notodden,"[16.0, 16.0, 16.0, 16.0, 28.27, 35.78, 29.57, 30.78]"
Porsgrunn,"[20.0, 3.08, 6.83, 7.38, 3.89, 15.68, 7.86, 0]"
Sauherad,"[33.52, 17.28, 17.47, 37.89, 69.08, 71.18, 46.16, 19.1]"
Seljord,"[119.97, 119.25, 117.04, 116.0, 120.15, 116.0, 116.0, 116.64]"
Siljan,"[103.01, 108.94, 128.32, 145.23, 175.39, 172.93, 222.12, 253.86]"
Skien,"[5.64, 20.18, 70.98, 89.38, 139.18, 129.62, 103.15, 88.42]"
Tinn,"[1092.86, 1132.68, 1172.1, 1176.41, 781.32, 832.51, 954.2, 1019.61]"
Tokke,"[280.68, 351.23, 424.84, 457.65, 455.72, 515.86, 528.73, 591.16]"
Vinje,"[698.79, 687.17, 665.89, 624.58, 798.71, 769.21, 738.27, 673.37]"
Midt-Telemark,"[116.27, 100.29, 69.7, 65.03, 96.33, 95.61, 71.12, 67.69]"
Arendal,"[1.83, 32.54, -27.7, -29.6, 57.25, 11.76, 36.88, 26.23]"
Birkenes,"[178.15, 200.91, 177.7, 223.32, 186.11, 196.68, 188.12, 181.92]"
Bygland,"[204.36, 208.87, 219.0, 232.61, 252.58, 222.16, 217.84, 237.13]"
Bykle,"[765.27, 602.89, 656.46, 709.28, 709.89, 599.61, 589.52, 569.84, 578.55, 648.33]"
Evje og Hornnes,"[201.1, 179.27, 181.75, 185.42, 208.97, 195.2, 191.7, 194.02]"
Froland,"[46.16, 39.21, 60.97, 41.2, 89.31, 44.84, 39.27, 112.44]"
Gjerstad,"[270.74, 254.18, 236.21, 182.22, 257.31, 276.17, 251.38, 197.52]"
Grimstad,"[19.53, 2.31, 12.77, -20.8, 11.43, 16.74, 9.27, -19.9]"
Iveland,"[273.24, 259.24, 254.72, 250.59, 299.22, 302.57, 270.49, 262.22]"
Lillesand,"[14.3, 11.36, 7.32, -33.0, 30.93, 29.08, 15.65, 3.25]"
Risør,"[23.28, 31.03, 56.26, 66.71, 70.18, -21.3, 13.57, 12.16]"
Tvedestrand,"[70.14, 1.7, -15.0, 1.71, 34.32, 21.49, 40.47, 40.92]"
Valle,"[304.69, 300.0, 304.03, 305.88, 306.25, 300.0, 304.6, 307.73]"
Vegårshei,"[190.91, 227.59, 216.7, 182.95, 210.76, 216.99, 236.33, 227.65]"
Åmli,"[217.69, 295.42, 378.52, 388.41, 196.04, 215.26, 251.25, 300.81]"
Audnedal,"[282.0, 261.46, 240.97, 260.33, 229.5, 220.11, 227.59, 229.89]"
Farsund,"[-6.7, 23.94, 8.75, -23.7, -31.0, 52.7, 57.98, 31.04, 54.78, 14.63]"
Flekkefjord,"[-30.3, -9.3, -1.9, 0.73, 9.18, 82.8, 8.43, -3.4, 36.18, 44.5]"
Hægebostad,"[487.27, 464.33, 485.88, 445.58, 466.87, 494.75, 508.45, 553.13, 464.85, 427.78]"
Kristiansand,"[-9.7, -9.0, -5.2, 6.24, -6.0, 3.03, 6.64, 2.38]"
Kvinesdal,"[13.52, 5.73, 16.89, 20.24, 57.19, 6.84, 4.73, 45.29, 72.51, 16.56]"
Lindesnes,"[150.49, 124.53, 83.27, 83.84, 125.7, 68.83, 65.95, 27.68]"
Lyngdal,"[16.53, 6.43, 11.69, 10.94, 6.7, 6.21, 19.5, 20.1, 7.68, 7.01]"
Mandal,"[22.85, 41.17, 17.29, 27.2, 67.1, 35.56, 47.11, 56.68]"
Marnardal,"[132.7, 207.83, 248.27, 283.54, 174.34, 152.15, 171.22, 207.19]"
Sirdal,"[836.66, 669.45, 673.35, 706.64, 726.42, 619.21, 610.54, 629.61, 629.88, 669.5]"
Songdalen,"[236.5, 223.51, 255.85, 256.03, 250.42, 278.46, 281.97, 276.8]"
Søgne,"[9.75, 27.03, 17.38, 4.17, 13.79, 17.42, 22.78, 27.79]"
Vennesla,"[47.86, 41.0, 41.85, 41.0, 60.49, 41.0, 48.59, 58.15]"
Åseral,"[267.52, 259.82, 259.71, 301.69, 262.8, 266.94, 268.65, 269.05]"
Bjerkreim,"[206.6, 185.32, 169.66, 190.98, 155.27, 302.58, 243.38, 225.97, 209.48, 216.72]"
Bokn,"[74.21, 92.16, 55.0, 72.72, 48.82, 55.0, 60.45, 45.59, 10.49, 0.43]"
Eigersund,"[74.54, 55.16, 32.87, 29.32, 88.35, -3.9, 1.07, 1.44, 8.11, 41.85]"
Finnøy,"[56.7, 37.75, 46.69, 63.15, 106.66, 44.47, 84.83, 131.63, 129.5, 112.19]"
Forsand,"[257.18, 374.4, 193.3, 109.0, 109.0, 413.95, 322.19, 185.6, 109.0, 391.07]"
Gjesdal,"[370.14, 354.04, 327.32, 349.5, 379.75, 277.6, 268.95, 250.44, 256.07, 249.0]"
Haugesund,"[23.81, 37.35, 46.94, 42.22, 45.07, 26.66, 34.73, 37.6, 41.8, 25.0]"
Hjelmeland,"[71.22, 116.61, 46.94, 12.0, 12.0, 82.34, 35.7, 12.0, 56.38, 152.05]"
Hå,"[39.16, 31.66, 39.11, 41.0, 50.26, 46.52, 43.13, 50.65, 57.21, 52.92]"
Karmøy,"[33.37, 21.17, 8.3, 1.45, 1.28, 2.02, 24.29, 2.35, -9.5, 11.68]"
Klepp,"[39.94, 62.36, 57.1, 49.6, 46.17, 71.48, 67.55, 49.53, 44.62, 47.56]"
Kvitsøy,"[6.98, 3.11, 9.1, -2.1, 4.85, 10.96, 2.39, -0.8, 11.38, 4.61]"
Lund,"[71.99, 125.49, 208.57, 328.74, 353.65, 246.62, 265.08, 319.07, 336.3, 335.0]"
Randaberg,"[3.44, 19.23, 7.75, 7.0, 9.2, 19.24, 22.93, 10.97, 15.8, 36.03]"
Sandnes,"[1.66, 6.43, 0.94, -10.1, -5.7, 47.68, 21.69, 1.76, -12.8, -1.7]"
Sauda,"[-50.7, -15.7, -34.7, -33.5, -19.1, 46.93, 3.08, 23.79, 3.4, 50.69]"
Sokndal,"[4.82, 6.64, 8.53, 4.87, 16.86, 60.92, 22.1, 7.94, 14.27, 89.96]"
Sola,"[8.15, 7.57, 8.53, 7.91, 6.21, 4.87, 6.1, 11.0, 9.49, 9.94]"
Stavanger,"[46.17, 31.32, 37.15, 29.09, 14.52, 33.58, 27.02, 15.21, 26.07, 12.88]"
Strand,"[-4.9, 26.14, 42.0, 36.2, 62.99, 25.95, 42.8, 42.64, 63.52, 67.47]"
Suldal,"[38.29, 84.32, 54.27, 74.97, 6.28, 52.26, 45.41, 142.44, 116.91, 97.41]"
Time,"[74.2, 110.58, 92.37, 79.58, 79.14, 86.51, 98.32, 94.86, 96.38, 99.55]"
Tysvær,"[44.09, 40.91, 52.43, 63.5, 56.29, 54.62, 77.32, 54.61, 127.44, 88.39]"
Utsira,"[13.79, 20.63, 20.61, 49.16, 29.37, 7.08, 20.05, 38.34, 24.84, 29.98]"
Vindafjord,"[489.71, 555.09, 579.46, 543.31, 516.4, 537.19, 578.13, 582.94, 564.45, 650.27]"
Askøy,"[0.1, 16.44, 36.57, 30.56, 21.74, -9.5, 27.9, 14.25, 14.95, 21.63]"
Austevoll,"[13.51, 1.6, 36.75, 42.03, 47.18, 33.29, 43.1, 40.35, 38.27, 4.0]"
Austrheim,"[15.48, 20.48, 21.41, 15.98, 12.0, 33.94, 37.83, 27.99, 30.59, 23.56]"
Bergen,"[-5.9, 26.04, 20.61, 8.83, 1.33, 8.39, 2.46, 2.28, 8.85, 34.78]"
Bømlo,"[38.36, 12.68, 39.74, 35.93, 30.98, 20.66, 44.75, 37.29, 44.73, 23.6]"
Eidfjord,"[1032.3, 1034.88, 1043.32, 1056.81, 1064.82, 1062.37, 1073.32, 1065.76]"
Etne,"[441.53, 432.25, 416.31, 426.36, 443.36, 428.56, 440.12, 453.38, 543.69, 626.19]"
Fedje,"[15.29, 16.37, 15.06, 22.3, 26.98, 16.48, 21.1, 20.16, 15.49, 10.1]"
Fitjar,"[37.43, 22.76, 31.7, 54.29, 130.86, -6.4, 28.08, 42.02, 71.37, 102.73]"
Fusa,"[89.02, 274.97, 265.88, 184.22, 174.5, 391.53, 376.37, 340.61, 324.67, 398.7]"
Granvin,"[188.43, 148.15, 284.79, 394.63, 597.37, -58.9, 57.16, 334.15, 425.37, 210.48]"
Jondal,"[290.64, 178.3, 175.98, 235.82, 259.92, 1.45, 42.89, 92.01, 114.94, 44.32]"
Kvam,"[677.6, 756.53, 702.22, 681.78, 667.83, 809.59, 803.11, 769.5, 720.91, 819.94]"
Kvinnherad,"[675.84, 639.46, 450.64, 325.5, 312.2, 390.34, 277.84, 251.54, 401.92, 174.75]"
Lindås,"[58.24, 83.72, 59.23, 52.49, 54.52, 47.99, 45.42, 61.44, 87.94, 22.0]"
Masfjorden,"[353.67, 246.23, 493.33, 544.74, 544.0, 234.66, 518.21, 566.94, 591.29, 571.07]"
Meland,"[15.35, 16.29, 34.98, 41.46, 39.41, -1.8, 26.43, 21.97, 25.42, -5.6]"
Modalen,"[570.01, 713.63, 720.07, 703.69, 745.12, 835.44, 800.53, 704.56, 709.62, 836.19]"
Odda,"[1234.55, 957.8, 910.81, 792.65, 598.4, 948.2, 934.54, 844.72, 746.76, 862.37]"
Os,"[158.99, 170.31, 187.16, 182.85, 173.88, 61.34, 90.79, 211.46, 183.48, 80.07]"
Osterøy,"[443.84, 436.34, 457.33, 425.66, 453.87, 485.78, 466.59, 486.83, 512.75, 496.86]"
Voss,"[636.51, 497.66, 511.74, 519.34, 513.93, 419.77, 421.03, 440.63, 435.72, 232.82]"
Øygarden,"[7.36, -39.7, -30.7, 32.83, 39.49, -22.1, -39.0, 17.89, 41.43, 27.29]"
Ullensvang,"[303.17, 210.65, 120.68, 23.62, 14.64, 219.64, 56.74, 12.76, 3.79, -21.1]"
Alver,"[27.47, 42.54, 50.79, 52.33, 47.77, 57.14, 62.83, 79.91, 75.03, 91.04]"
Vaksdal,"[23.72, 98.53, 42.67, 34.63, 70.44, 371.42, 198.12, 52.91, 49.68, 183.93]"
Samnanger,"[108.99, 111.68, 182.92, 125.71, 209.33, 153.61, 163.08, 205.52, 136.72, 217.42]"
Ulvik,"[-35.7, 4.1, -19.2, -13.9, -20.3, 53.7, 59.57, 4.13, -12.5, 100.86]"
Sveio,"[8.0, 8.0, 8.0, 19.18, 8.0, 28.39, 31.56, 40.96, 40.52, 77.39]"
Stord,"[38.55, 65.32, 28.89, 38.81, -4.7, 22.31, 31.21, 24.07, 15.98, 49.77]"
Tysnes,"[35.4, -39.5, 62.82, 113.47, 215.16, 11.19, 21.93, 40.06, 122.54, 36.0]"
Askvoll,"[-34.5, 3.53, 1.93, -8.4, -12.7, 85.42, 85.19, 30.22, 4.3, 39.23]"
Aurland,"[509.04, 284.07, 165.83, 96.52, 108.46, 11.42, 8.84, 5.77, 6.49, 99.5]"
Jostedalsbreen – nær,"[1022.85, 696.93, 743.43, 774.68, 814.62, 513.55, 554.51, 613.98, 653.7, 948.77]"
Bremanger,"[247.63, 34.62, 25.0, 25.0, 25.0, 75.53, 53.56, 70.82, 139.04, 34.39]"
Stad,"[2.84, 3.0, 6.19, 11.97, 15.39, 10.2, 20.12, 25.2, 25.57, 80.15]"
Fjaler,"[204.06, 144.08, 190.81, 245.31, 287.0, 66.7, 162.09, 181.31, 218.84, 303.58]"
Kinn,"[-33.8, 2.67, 6.86, 0.89, -4.5, 3.69, 16.61, 15.46, 18.67, 19.23]"
Førde,"[327.7, 65.63, 35.59, 23.91, 8.84, 2.97, 2.84, 2.55, 4.33, 48.55]"
Gaular,"[734.02, 652.1, 618.24, 588.18, 571.6, 635.92, 652.35, 677.28, 658.97, 634.14]"
Gloppen,"[72.5, 76.39, 71.32, 71.44, 69.86, 14.6, 22.98, 51.17, 78.22, 200.58]"
Gulen,"[138.41, 117.51, 198.86, 244.71, 268.86, 198.16, 201.12, 277.72, 376.74, 408.99]"
Hornindal,"[368.59, 605.64, 561.17, 524.7, 498.66, 778.54, 780.26, 767.18, 741.48, 765.08]"
Hyllestad,"[343.61, 326.98, 303.91, 252.23, 243.92, 339.07, 302.9, 279.16, 228.63, 250.47]"
Høyanger,"[-26.6, 14.42, 16.68, 64.62, 213.97, 24.07, 21.38, 23.59, 31.44, 75.01]"
Jølster,"[969.14, 995.69, 933.04, 755.39, 456.23, 654.94, 618.5, 531.79, 472.62, 496.41]"
Leikanger,"[-196.0, -123.1, -77.0, -56.6, -84.8, 111.85, 110.01, 109.49, 112.1, 167.86]"
Luster,"[1173.04, 1149.68, 1148.28, 1145.42, 1131.14, 1110.6, 1084.27, 1051.28, 1014.0, 839.79]"
Lærdal,"[496.52, 199.12, 115.14, 21.36, 2.73, 1.85, 1.6, 0.92, 1.89, 125.07]"
Naustdal,"[27.06, 31.69, 76.38, 131.93, 172.21, 1.99, 29.08, 82.36, 112.71, 5.35]"
Sogndal,"[19.74, 0.56, -58.8, -93.1, -110.6, 14.84, 10.57, 2.45, 1.37, 49.71]"
Solund,"[-116.7, -105.2, -96.7, -37.1, -19.9, -9.7, -48.3, -20.6, 86.2, 19.1]"
Stryn,"[169.06, 20.52, 43.56, 65.35, 83.56, 4.5, 6.11, 0.28, 7.91, 44.5]"
Vik,"[284.39, 80.92, 83.06, 78.42, 58.75, 59.82, 32.46, 40.87, 60.1, 66.42]"
Vågsøy,"[-96.8, 133.91, 147.54, 107.62, 7.27, 158.6, 144.19, 115.51, 5.14, 29.6]"
Årdal,"[230.01, 76.99, 137.03, 171.78, 296.92, 52.93, 66.35, 83.13, 242.78, 47.67]"
Sunnfjord,"[308.21, 62.06, 66.06, 148.59, 285.89, 34.3, 48.5, 77.4, 84.8, 396.94]"
Aukra,"[35.33, 45.96, 46.79, 49.95, 42.51, 45.03, 45.83, 36.96, 33.27, 14.11]"
Aure,"[-19.4, -51.7, -64.8, -58.7, -45.0, -25.1, -51.1, -23.5, -52.8, -31.0, 57.13]"
Averøy,"[40.4, 26.28, 31.98, 26.13, 29.48, -10.5, 31.21, 16.42, 11.54, -10.8]"
Hustadvika,"[10.0, 37.51, 31.4, 33.54, 33.36, 67.54, 62.34, 68.37, 74.44, 203.61]"
Fræna,"[165.46, 228.28, 185.32, 142.7, 103.64, 327.68, 294.52, 265.17, 192.43, 237.59]"
Giske,"[-8.7, 6.08, 23.38, 8.47, -1.0, 8.18, 11.47, 12.93, 10.95, 7.84]"
Gjemnes,"[-134.9, -139.8, -117.4, -88.4, -18.1, 3.71, 17.51, 50.74, 97.01, 22.35]"
Halsa,"[24.45, 23.84, 22.42, 22.4, 22.73, 31.68, 30.86, 28.91, 26.19, 17.0]"
Haram,"[151.42, 276.52, 159.93, 57.44, 51.43, 288.98, 232.99, 98.35, 20.91, 26.06]"
Hareid,"[99.86, 30.37, 36.11, 36.54, 43.66, 17.81, 13.14, 6.53, 2.39, -16.7]"
Herøy,"[14.09, -12.8, -29.2, 10.19, 10.51, 7.27, 9.2, -3.9, -9.1, 15.28]"
Kristiansund,"[-15.1, 18.78, 2.13, -23.1, -43.6, 38.85, 5.66, -24.0, 18.83, 47.6]"
Midsund,"[138.15, 453.24, 387.2, 337.18, 266.29, 586.69, 621.18, 580.48, 540.55, 429.46]"
Molde,"[2.78, 42.77, 18.82, 6.23, 4.44, 81.17, 70.33, 53.89, 47.64, 136.02]"
Nesset,"[686.13, 686.08, 710.22, 730.62, 759.39, 683.85, 700.0, 713.74, 724.2, 714.49]"
Norddal,"[10.96, 62.67, 185.05, 350.49, 579.35, 78.17, 212.64, 586.96, 681.8, 896.34]"
Rauma,"[24.9, 3.02, 2.21, 7.96, 10.38, 24.33, 60.9, 116.24, 193.51, -7.7]"
Rindal,"[120.7, 126.01, 130.77, 131.02, 81.75, 86.24, 88.81, 113.55]"
Skodje,"[-21.6, 42.7, 51.82, 48.65, 58.21, 46.33, 56.21, 98.04, 115.05, 20.42]"
Smøla,"[13.07, 14.21, 14.99, 14.38, 13.54, 8.9, 9.25, 9.92, 8.94, 9.6, 13.63]"
Stordal,"[440.07, 596.1, 659.63, 756.1, 877.19, 792.31, 825.46, 850.1, 874.68, 995.08]"
Stranda,"[73.16, -86.6, -347.6, -522.5, -563.1, -412.7, -578.8, -551.6, -520.5, -536.0]"
Sula,"[255.66, 172.49, 170.41, 184.8, 275.89, 134.37, 92.88, 123.42, 251.88, 141.77]"
Sunndal,"[5.3, 5.31, 6.03, 7.12, 6.26, 10.43, 14.78, 19.14]"
Surnadal,"[2.61, 3.34, 1.13, 4.36, 50.84, 86.76, 71.8, 62.13]"
Sykkylven,"[64.14, 73.95, 106.09, 157.27, 192.95, 101.91, 212.13, 379.92, 380.83, 111.04]"
Tingvoll,"[12.46, 82.08, 74.17, 59.48, 59.8, 139.74, 137.92, 141.28, 129.87, 269.37]"
Ulstein,"[-33.4, -15.5, -21.3, -9.3, 2.34, 2.88, 8.18, 21.52, 36.57, 102.77]"
Vanylven,"[23.13, 55.12, 55.93, 61.23, 68.8, 182.14, 164.38, 151.08, 138.66, 415.06]"
Vestnes,"[1.56, 3.97, 5.48, -2.8, -10.0, 14.23, 14.02, 8.41, -5.6, -11.9]"
Volda,"[-81.7, -18.7, 14.82, 46.46, 58.95, 5.14, 22.42, 38.57, 50.04, 55.31]"
Ørskog,"[3.52, 90.83, 286.37, 245.91, 228.73, 6.52, 35.41, 42.09, 42.58, -100.0]"
Fjord,"[84.2, 222.11, 385.0, 554.27, 577.39, 81.6, 313.64, 378.99, 406.24, 70.98]"
Ørsta,"[-39.4, -81.8, -39.8, -14.8, 3.79, -54.7, -29.5, 2.59, 7.48, 42.98]"
Ålesund,"[7.0, 37.5, 65.2, 70.68, 89.96, 144.51, 129.87, 94.59, 108.99, -34.7]"
Flatanger,"[-10.7, -10.2, -5.2, 6.97, 17.69, -18.5, -11.1, 25.19, 31.44, 24.68]"
Fosnes,"[171.46, 192.78, 194.4, 180.05, 129.11, 82.92, 48.05, 111.23, 121.47, 33.95]"
Frosta,"[43.83, 44.89, 58.61, 69.31, 54.28, 45.47, 83.8, 64.78, 60.75]"
Frøya,"[16.09, 14.28, -8.3, -17.1, 26.76, 13.08, -2.6, -7.9, -18.7]"
Grong,"[46.06, 53.17, 61.79, 62.07, 59.23, 21.27, 20.57, 14.43, 17.22, 17.1]"
Heim,"[10.97, 0.25, -11.8, -16.6, 25.91, 3.35, 3.2, -18.4, -27.4]"
Hitra,"[44.67, 43.8, 38.06, 28.43, 62.94, 79.01, 65.29, 40.76, 27.4]"
Holtålen,"[398.1, 398.46, 389.95, 390.32, 371.28, 377.92, 375.3, 385.96]"
Høylandet,"[36.82, 39.21, 33.65, 21.42, 18.49, 64.01, 49.51, 46.41, 31.2, 45.48]"
Inderøy,"[22.97, -1.5, -4.4, -4.1, 9.61, 18.53, 18.54, 16.39, 13.78, 11.85]"
Indre Fosen,"[380.34, 379.42, 416.0, 403.88, 327.01, 381.83, 399.18, 412.36, 403.15]"
Klæbu,"[210.68, 324.26, 361.76, 325.73, 214.27, 203.05, 249.13, 249.48, 249.92]"
Leka,"[70.83, 91.45, 71.5, 77.55, 80.88, 33.25, 62.03, 34.39, 46.95, 56.08]"
Levanger,"[5.8, 1.6, -1.7, 3.84, 6.93, 53.13, 31.26, 23.37, 13.43, -2.1]"
Lierne,"[599.15, 592.73, 593.12, 578.75, 566.4, 623.4, 634.91, 625.37, 603.61, 573.84]"
Malvik,"[4.71, 4.77, 9.8, 32.55, -20.3, -7.6, 6.66, 58.93, 37.0]"
Orkland,"[330.8, 352.67, 461.02, 483.98, 321.97, 352.0, 455.79, 516.96]"
Meråker,"[130.27, 165.44, 192.41, 213.27, 115.81, 115.06, 134.01, 146.77, 173.71]"
Midtre Gauldal,"[393.51, 320.26, 258.39, 402.37, 420.42, 323.33, 224.84, 303.02]"
Namsos - Nåavmesjenjaelmie,"[5.99, 3.71, 3.52, 3.0, 3.38, 20.79, 78.44, 29.74, 44.24, 37.24]"
Namsskogan,"[280.32, 249.69, 246.52, 250.6, 252.42, 242.9, 234.15, 233.38, 241.36, 245.65]"
Oppdal,"[548.78, 552.6, 551.4, 552.51, 570.67, 575.57, 573.79, 566.05]"
Selbu,"[169.49, 170.07, 169.21, 177.42, 178.36, 180.21, 191.92, 211.51]"
Trondheim - Tråante,"[11.46, 11.7, 11.43, 10.21, -15.5, -21.5, 3.66, -5.0, 4.62]"
Tydal,"[876.68, 860.41, 844.36, 823.69, 826.23, 804.5, 774.31, 761.85]"
Verdal,"[3.36, 6.93, 6.92, 6.27, 4.1, 15.35, 20.31, 6.31, 7.63, 8.32]"
Ørland,"[14.02, 12.33, 12.78, 14.38, 8.22, 12.4, 17.5, 15.4, 13.75, 8.35]"
Stjørdal,"[7.75, 9.99, 10.59, 11.89, 7.0, 8.27, 9.88, 10.16, 11.96]"
Osen,"[67.19, 80.34, 155.76, 265.9, 233.89, 12.54, 49.69, 95.94, 143.47, 154.95]"
Skaun,"[212.82, 197.59, 165.93, 134.54, 171.72, 197.53, 186.68, 187.05, 156.8]"
Melhus,"[6.65, 3.99, 14.99, 14.56, 33.56, 14.86, 2.16, 18.71, 18.07]"
Nærøysund,"[7.22, 27.6, 7.6, 12.74, 17.41, 17.63, 18.89, 23.5, 41.42, 40.95]"
Steinkjer,"[3.36, 4.21, 3.69, 9.07, 35.22, 3.86, 4.94, 8.67, 19.33, 52.82]"
Åfjord,"[1.44, 50.22, 47.65, 51.95, 25.62, 7.27, 25.13, 58.26, 108.96, 173.32]"
Rennebu,"[447.32, 440.91, 434.04, 429.84, 492.79, 474.43, 447.07, 419.22]"
Overhalla,"[19.42, 9.76, 15.48, 20.94, 13.48, 18.2, 12.83, 17.6, 22.7, 13.15]"
Rosse - Røros,"[626.48, 626.55, 625.68, 623.0, 626.95, 627.8, 625.59, 628.08]"
Raarvihke - Røyrvik,"[434.96, 438.49, 466.47, 431.89, 479.9, 491.08, 489.38, 482.46, 458.65, 477.61]"
Snåase - Snåsa,"[90.72, 79.79, 74.48, 73.84, 62.5, 30.59, 46.38, 41.36, 65.43, 72.82]"
Alstahaug,"[10.89, 15.3, 19.64, 16.39, 16.39, 9.48, 29.24, 20.71, 24.22, 21.12]"
Andøy,"[4.3, 5.36, 6.67, 5.58, 5.81, 5.33, 4.93, 3.73, 3.54, -1.7]"
Ballangen,"[6.86, 4.25, 7.89, 7.84, 5.42, 2.47, -10.9, -17.4, -17.6, -14.4]"
Beiarn,"[14.31, 5.8, 2.23, 3.37, 1.16, 216.03, 137.83, 127.83, 94.69, 26.86]"
Bindal,"[10.97, 8.0, 12.51, -0.4, 12.26, -124.3, -99.8, 12.91, 42.29, -52.2]"
Bodø,"[17.4, 18.24, 18.35, 18.33, 17.71, 18.19, 18.14, 18.76, 20.1, 25.49]"
Brønnøy,"[1.65, 3.18, 6.39, 7.03, 5.96, 6.79, 11.39, 0.22, -4.2, 4.22]"
Dønna,"[71.56, 137.31, 115.89, 55.48, 37.2, 98.26, 63.0, 65.94, 102.78, 64.37]"
Evenes - Evenášši,"[132.7, 120.41, 113.4, 115.44, 128.9, 98.2, 143.44, 158.15, 157.22, 188.37]"
Fauske - Fuossko,"[-24.1, -36.6, -52.8, -67.7, -71.6, 7.67, 4.37, 2.49, 2.47, -26.1]"
Flakstad,"[-4.7, -2.3, 2.43, 28.2, 92.09, 3.36, 6.78, 12.05, 19.81, 16.68]"
Gildeskål,"[-224.8, -222.1, -203.4, -144.2, -66.5, -205.6, -203.0, -78.2, -29.8, 5.74]"
Grane,"[179.57, 158.97, 157.55, 145.9, 86.84, 176.79, 171.89, 125.71, 100.97, 67.21]"
Hadsel,"[115.25, 42.43, 30.75, 26.14, 28.11, 103.07, 57.98, 31.87, 20.53, 12.94]"
Hábmer - Hamarøy,"[11.68, 9.93, 10.69, 11.83, -25.2, 33.04, 47.2, 60.88, 61.4, 54.42]"
Aarborte - Hattfjelldal,"[271.57, 277.29, 278.72, 291.9, 304.44, 281.4, 277.67, 301.76, 308.48, 337.76]"
Hemnes,"[812.11, 774.26, 759.12, 735.27, 675.59, 795.64, 759.16, 705.17, 654.64, 624.78]"
Leirfjord,"[214.92, 197.81, 146.9, 126.25, 102.7, 230.63, 272.74, 270.3, 250.47, 217.74]"
Lurøy,"[280.31, 321.62, 339.77, 356.38, 407.61, 98.12, 93.19, 91.56, 97.5, 162.69]"
Lødingen,"[28.3, 11.4, -2.0, -2.5, -5.1, 63.67, 30.74, 14.86, 11.77, -2.4]"
Meløy,"[30.31, 113.89, 171.85, 228.61, 275.8, 41.81, 65.71, 87.3, 132.16, 175.98]"
Moskenes,"[222.0, 222.0, 222.0, 222.0, 236.24, 230.21, 222.0, 222.0, 291.71, 432.24]"
Narvik,"[43.94, 61.38, 74.03, 82.29, 98.26, 31.19, 39.23, 49.4, 35.71, 25.35]"
Nesna,"[3.22, 3.45, 6.37, 9.7, 12.26, 8.66, 8.68, 9.27, 9.01, 9.72]"
Rana,"[23.9, 28.84, 32.26, 39.44, 51.54, 44.29, 40.97, 40.52, 43.79, 51.32]"
Rødøy,"[-3.4, -3.4, 10.11, 24.8, 19.08, 34.07, 37.91, 38.06, 33.64, 40.42]"
Røst,"[4.5, 1.35, 2.68, -1.5, -1.1, -3.2, -2.6, -1.6, -0.8, -1.7]"
Saltdal,"[571.4, 586.22, 582.12, 599.08, 611.15, 552.97, 555.73, 566.62, 595.16, 604.13]"
Sortland - Suortá,"[78.51, 72.57, 66.99, 55.46, 46.8, 62.23, 56.15, 58.66, 57.87, 41.68]"
Steigen,"[-24.8, -49.2, -27.6, -14.7, -22.0, 5.79, -26.5, -11.7, -13.9, -15.3]"
Sømna,"[22.2, 33.86, 59.32, 56.58, 106.99, 27.62, 27.14, 36.9, 108.77, 176.2]"
Sørfold,"[141.66, 104.01, 74.63, 63.21, 53.89, 110.03, 161.9, 158.67, 122.56, 99.51]"
Dielddanuorri - Tjeldsund,"[441.32, 417.46, 388.34, 398.32, 390.17, 622.78, 589.72, 595.31, 615.3, 587.56]"
Træna,"[6.43, 13.07, 7.7, 2.83, -15.0, 6.64, 13.44, 4.1, 1.1, 3.33]"
Tysfjord,"[439.36, 403.69, 356.47, 299.11, 247.26, 405.51, 397.9, 345.92, 286.7, 241.81]"
Vefsn,"[-185.6, -132.7, -68.4, 8.46, 22.65, -162.5, -151.4, -68.0, -30.2, 4.6]"
Vefsn - langs fjorden,"[-185.6, -132.7, -68.4, 8.46, 22.65, -162.5, -151.4, -68.0, -30.2, 4.6]"
Vefsn - Mosjøen,"[303.84, 205.97, 81.82, -1.14, -0.69, 188.81, 63.79, 6.95, 13.4, 2.41]"
Vega,"[19.53, 21.32, 21.08, 23.06, 19.81, 23.02, 23.89, 20.64, 18.99, 21.38]"
Vestvågøy,"[-6.0, 3.44, -3.4, -7.4, -12.6, 155.25, 186.59, 149.26, 92.6, 46.86]"
Vevelstad,"[646.81, 711.23, 765.2, 774.83, 764.12, 486.46, 519.13, 558.68, 602.44, 631.73]"
Værøy,"[0.74, 5.25, 6.31, 6.07, 7.76, 6.85, 8.15, 34.02, 152.56, 21.92]"
Vågan,"[606.54, 649.74, 678.14, 666.83, 648.01, 545.48, 619.24, 739.92, 762.69, 634.77]"
Øksnes,"[13.98, 11.87, 10.87, 12.17, 12.73, 14.97, 12.37, 9.74, 5.33, 8.54]"
Balsfjord,"[76.64, 69.84, 36.28, 26.74, 21.64, 61.07, 41.14, 29.42, 22.66, 7.19, 89.11]"
Bardu,"[82.35, 67.42, 61.81, 61.89, 62.53, 76.97, 71.03, 62.47, 60.33, 62.9, 117.09]"
Dyrøy,"[17.57, 19.18, 21.1, 22.01, 23.57, 35.96, 20.59, 23.65, 24.46, 24.92]"
Gáivuotna - Kåfjord - Kaivuono,"[609.91, 693.7, 598.95, 536.31, 478.14, 432.74, 493.12, 428.22, 373.55, 345.05, 330.55, 352.93, 317.43]"
Gratangen,"[680.72, 603.1, 553.12, 507.81, 488.25, 808.64, 659.94, 604.26, 561.26, 531.66]"
Harstad - Hárstták,"[80.99, 72.72, 47.89, 19.06, 7.24, 118.3, 62.89, 40.64, 34.37, 16.65]"
Ibestad,"[247.01, 216.09, 202.19, 226.04, 192.78, 237.91, 203.64, 167.9, 159.0, 199.02]"
Karlsøy,"[27.44, 127.98, 94.78, 83.12, 97.41, 88.8, 116.78, 129.66, 110.74, 99.04, 84.83, 159.71, 171.92]"
Kvæfjord,"[154.43, 147.46, 145.78, 144.15, 140.77, 171.46, 168.92, 161.67, 155.17, 163.33]"
Kvænangen,"[42.23, 21.96, 14.33, 22.27, 29.6, 16.5, -4.8, -3.1, -6.2, 16.49, -5.5, -5.8]"
Loabák - Lavangen,"[337.13, 339.99, 358.53, 345.49, 312.14, 379.93, 384.85, 364.65, 342.85, 308.58]"
Lenvik,"[202.02, 181.84, 176.2, 175.89, 173.92, 238.22, 252.56, 265.67, 255.78, 251.76]"
Lyngen,"[18.54, 72.3, 65.96, 68.27, 60.29, 17.88, 11.47, 10.5, 8.88, -5.0, -19.4, 163.0, 151.02]"
Målselv,"[30.57, 42.53, 25.55, 33.51, 33.41, 41.9, 40.75, 33.35, 31.95, 31.72, 40.14]"
Nordreisa - Ráisa - Raisi,"[4.57, 4.18, 0.81, 2.06, 2.98, 6.04, 5.6, 0.56, 5.05, 2.29, 3.19, 1.22]"
Salangen,"[380.06, 394.93, 383.23, 362.15, 355.04, 461.41, 453.3, 448.28, 430.97, 415.61]"
Skjervøy,"[704.31, 769.23, 771.47, 782.99, 765.54, 730.04, 646.73, 597.86, 551.26, 581.13, 632.64, 656.58, 647.24]"
Storfjord - Omasvuotna - Omasvuono,"[411.6, 571.52, 548.23, 505.17, 430.37, 345.65, 409.97, 340.74, 292.23, 258.54, 257.11, 289.04, 285.51]"
Sørreisa,"[-3.9, -7.3, -7.4, 3.07, 7.72, -12.0, -11.6, -4.8, -7.1, -5.0, -4.4]"
Senja,"[429.56, 446.53, 460.44, 458.69, 429.08, 385.83, 389.02, 386.02, 381.31, 376.89]"
Tranøy,"[144.95, 158.46, 146.87, 125.43, 108.2, 106.47, 113.46, 100.93, 83.73, 62.64]"
Tromsø,"[72.29, 85.9, 99.62, 123.47, 129.63, 47.37, 58.68, 76.36, 84.14, 104.56, 31.69]"
Alta,"[51.14, 64.65, 64.73, 65.8, 62.7, -4.2, 23.16, 55.94, 71.66, 70.42, -28.9, -7.2]"
Berlevåg,"[10.88, 41.38, 29.88, 64.16, 59.86, 38.57, 36.22, 29.08, 33.17, 26.67, 21.46, 15.05, 8.49, 13.74]"
Båtsfjord,"[43.97, 16.31, 12.0, -3.7, 14.85, 44.71, 46.81, -28.7, -24.6, -26.6, -29.1, -26.3, -10.1, -29.0]"
Deatnu - Tana,"[62.98, 39.28, 26.18, 51.41, 42.73, 35.22, 35.19, 29.5, 25.49, 34.85, 33.21, 33.44, 40.88, 31.99]"
Gamvik,"[18.34, 35.88, 39.53, 27.74, 24.54, 26.7, 32.98, 23.94, 21.25, 33.36, 9.02, 6.55, 20.0, 20.84, 18.97]"
Guovdageaidnu - Kautokeino,"[326.83, 305.58, 306.81, 312.79, 306.73, 308.69, 301.83, 301.79, 301.79, 301.84, 315.48, 309.79]"
Hammerfest - Hámmerfeasta,"[97.99, 91.27, 7.3, 2.7, 5.39, 48.44, -36.7, -38.4, -38.0, -33.8, -20.2, 6.45, 9.75, 28.44]"
Hasvik,"[220.06, 119.64, 167.55, 149.66, 150.05, 79.88, 67.78, 60.45, 78.56, 131.32, 20.36, 17.63]"
Kárášjohka - Karasjok,"[126.82, 123.11, 123.24, 123.21, 133.08, 130.59, 141.36, 141.94, 141.7, 141.46, 141.03, 155.63, 154.96]"
Kvalsund,"[34.69, 66.61, -48.9, -40.0, -39.4, -31.8, -51.7, -60.5, -67.2, -72.7, -73.2, -34.7, -34.5, -39.6]"
Lebesby,"[-5.2, 5.59, 6.61, 5.43, 7.15, 18.32, 8.0, 8.3, 15.68, 25.91, 48.69, 17.6, 30.08, 41.34]"
Loppa,"[337.23, 45.86, 143.83, 286.82, 314.59, 19.55, 63.23, 156.23, 276.13, 364.72, -14.3, 45.03]"
Måsøy,"[40.82, 27.0, -5.1, -6.8, 2.99, -4.0, 5.44, 7.24, 29.94, 52.1, 79.06, 31.47, 32.46, 21.8]"
Nordkapp,"[223.54, 107.44, 259.93, 115.9, 49.65, 45.29, 280.56, 292.28, 297.65, 304.04, 303.22, 287.28, 297.38, 303.22]"
Porsanger - Porsáŋgu - Porsanki,"[23.86, 22.67, 20.95, 20.48, 17.88, 9.19, 18.41, 16.6, 8.89, 8.74, 7.2, 7.52, 7.84, 7.07]"
Sør-Varanger,"[66.01, 110.93, 50.78, 48.57, 51.78, 70.2, 63.95, 62.44, 54.84, 55.34, 93.68, 80.92, 80.44]"
Unjárga - Nesseby,"[-81.6, -28.4, -49.5, -4.2, -5.4, 2.29, 2.98, 3.7, 6.32, 12.58, 16.11, 19.23, 19.03, 19.8]"
Vadsø,"[6.88, 25.18, 26.26, 29.13, 30.73, 29.87, 31.0, 51.51, 53.0, 53.28, 51.56, 49.04, 68.28, 69.81]"
Vardø,"[5.17, -3.8, -1.2, 11.7, 13.43, 16.51, 2.66, -2.6, 11.22, 25.07, 27.07, -14.7, 2.71]"
